{
  "exp_dir": "experiments/MNIST_clients8_attackers0_targetedFalse_groups[[0, 1, 2, 3], [4, 5, 6, 7]]_20250629_171408",
  "dataset": "MNIST",
  "num_clients": 8,
  "num_attackers": 0,
  "attackers": [],
  "is_targeted": false,
  "groups": [
    [
      0,
      1,
      2,
      3
    ],
    [
      4,
      5,
      6,
      7
    ]
  ],
  "distribution": [
    [
      0.15843244163944042,
      0.09209587567228354,
      0.16447457624640077,
      0.047120831911295055,
      0.07332645748293842,
      0.09251575981600926,
      0.10735951400310831,
      0.08136046770409829,
      0.09386196738757907,
      0.08945210813684673
    ],
    [
      0.15843244163944042,
      0.09209587567228354,
      0.16447457624640077,
      0.047120831911295055,
      0.07332645748293842,
      0.09251575981600926,
      0.10735951400310831,
      0.08136046770409829,
      0.09386196738757907,
      0.08945210813684673
    ],
    [
      0.15843244163944042,
      0.09209587567228354,
      0.16447457624640077,
      0.047120831911295055,
      0.07332645748293842,
      0.09251575981600926,
      0.10735951400310831,
      0.08136046770409829,
      0.09386196738757907,
      0.08945210813684673
    ],
    [
      0.15843244163944042,
      0.09209587567228354,
      0.16447457624640077,
      0.047120831911295055,
      0.07332645748293842,
      0.09251575981600926,
      0.10735951400310831,
      0.08136046770409829,
      0.09386196738757907,
      0.08945210813684673
    ],
    [
      0.1556610550471306,
      0.07585416904543427,
      0.018597267741857076,
      0.11145056389710767,
      0.20564362456502489,
      0.03897463036364061,
      0.15793824224342867,
      0.15421798563108188,
      0.05369592184802963,
      0.02796653961726478
    ],
    [
      0.1556610550471306,
      0.07585416904543427,
      0.018597267741857076,
      0.11145056389710767,
      0.20564362456502489,
      0.03897463036364061,
      0.15793824224342867,
      0.15421798563108188,
      0.05369592184802963,
      0.02796653961726478
    ],
    [
      0.1556610550471306,
      0.07585416904543427,
      0.018597267741857076,
      0.11145056389710767,
      0.20564362456502489,
      0.03897463036364061,
      0.15793824224342867,
      0.15421798563108188,
      0.05369592184802963,
      0.02796653961726478
    ],
    [
      0.1556610550471306,
      0.07585416904543427,
      0.018597267741857076,
      0.11145056389710767,
      0.20564362456502489,
      0.03897463036364061,
      0.15793824224342867,
      0.15421798563108188,
      0.05369592184802963,
      0.02796653961726478
    ]
  ],
  "epoch": 5,
  "lr": 0.001
}